accx,accy,accz
-0.2127,0.2916,0.8006
-0.135,0.342,0.977
0.062,0.2755,1.172
0.1499,0.2179,1.1915
0.0546,0.2193,1.0723
-0.0509,0.2247,0.9985
-0.0485,0.2403,0.9765
0.0321,0.2501,1.0293
0.1513,0.253,1.1417
0.1533,0.1954,1.1104
0.0888,0.1954,1.0298
0.0116,0.2242,1.0146
0.0072,0.2985,1.0362
0.1381,0.2946,1.1368
0.1582,0.2467,1.1368
0.1567,0.1886,1.0743
0.187,0.1006,1.0249
0.2261,0.0522,0.979
0.2857,0.0879,1.1705
0.2549,0.1499,1.2052
0.3634,0.0048,1.1666
0.4045,-0.1183,1.1153
0.3414,-0.1472,1.0826
0.3233,-0.1599,1.0455
0.3923,-0.1154,1.1055
0.2989,0.0522,1.0293
0.1533,0.0751,0.869
0.08,0.0361,0.6921
0.0766,0.0444,0.6277
0.1132,0.1836,0.7913
0.1812,0.2188,0.852
0.1953,0.1328,0.7894
0.0521,0.0664,0.6668
-0.1008,0.0845,0.4405
-0.0026,0.0214,0.6399
0.0756,0.0488,0.912
0.1118,0.062,0.9585
0.1538,0.0795,0.9174
0.1416,-0.0093,0.9331
0.1778,-0.1462,1.0635
0.275,-0.0333,1.0562
0.466,-0.0206,1.2286
0.6107,-0.0543,1.4094
0.6419,-0.0215,1.4358
0.6873,0.0747,1.2296
0.9038,0.1504,1.0254
1.0953,0.3166,0.8661
1.1882,0.4118,0.6951
1.1276,0.4582,0.5275
1.0885,0.405,0.4176
0.9102,0.3517,0.4767
0.8994,0.3805,0.5485
1.0973,0.3019,0.4205
0.9649,0.253,0.2255
0.7479,0.2188,-0.0574
0.8481,0.2003,-0.1326
0.8579,0.168,-0.1483
0.6375,0.1304,-0.267
0.5681,0.1138,-0.3569
0.6385,0.0581,-0.4101
0.7059,0.0112,-0.3417
0.7118,-0.0861,-0.3368
0.6541,-0.0929,-0.6422
0.6263,-0.0275,-1.0727
0.7572,-0.023,-1.0019
0.7924,0.0219,-0.4537
1.1447,-0.2307,-0.4424
1.0148,-0.134,-0.9364
0.4391,0.0014,-1.1694
1.2234,-0.3084,-0.3051
1.3675,-0.1965,0.2348
0.6326,-0.2874,0.0169
0.5715,-0.2561,-0.1145
0.8628,-0.3338,-0.3603
0.8647,-0.4364,-0.1052
1.349,-0.7858,0.4913
1.066,-1.0995,-0.7009
0.3194,-1.0311,-1.5413
0.2745,-0.3138,-0.4111
0.3502,-0.2678,-0.3251
0.6507,-0.2552,-0.911
0.9937,-0.4614,-1.3927
0.7089,-0.1521,-1.2061
0.2339,-0.3318,-0.5162
0.249,-0.5366,-0.2401
0.55,-0.1892,-0.3149
0.9263,-0.1154,-0.3681
0.7543,-0.4066,-0.5939
0.6717,-0.5385,-0.6642
0.7763,-0.3988,-0.5132
0.4699,-0.4183,-0.437
0.3297,0.2936,-0.7883
0.208,0.0884,-0.6667
0.3365,-0.0387,-0.9457
0.3908,0.3092,-1.7695
0.2041,-0.1198,-0.0236
0.1856,-0.453,-0.3672
0.1665,-0.6538,-0.0139
0.659,-1.6662,-0.8142
0.5676,-1.056,-0.4414
0.7172,-1.8905,-0.9921
0.746,-1.1693,-0.4795
0.2383,-0.6944,-0.3163
0.015,-0.7863,-0.5015
0.1992,-0.7154,-0.63
0.2407,-0.7105,-0.674
0.2207,-0.8415,-0.587
0.2051,-0.9328,-0.5734
0.1123,-1.3975,-1.3175
0.3268,-1.3091,-0.6726
0.4875,-1.056,-0.6305
0.4582,-0.7081,-0.5626
0.3712,-0.2595,-0.5196
-0.0055,-0.0709,-0.6495
-0.1003,-0.4398,-0.7224
0.0204,-0.6832,-0.7229
0.2809,-1.0818,-0.6471
0.5623,-1.0872,-0.6867
0.512,-0.6827,-0.5695
0.4113,-0.4765,-0.5963
0.2647,-0.3861,-0.6637
0.0219,-0.37,-0.6491
0.1826,-0.5835,-0.5455
0.3712,-0.6661,-0.5934
0.4133,-0.7105,-0.7165
0.4401,-0.886,-0.6691
0.3986,-0.8068,-0.6667
0.4152,-0.8219,-0.6549
0.2716,-0.5972,-0.6344
0.2066,-0.5908,-0.7043
0.2447,-0.6528,-0.7136
0.2852,-0.7863,-0.7302
0.2266,-0.8571,-0.7316
0.1939,-0.8322,-0.7111
0.1284,-0.7848,-0.7399
0.0512,-0.7491,-0.7923
0.0649,-0.6773,-0.7243
0.1464,-0.6333,-0.7385
0.1562,-0.7144,-0.7263
0.1631,-0.8004,-0.7942
0.3492,-0.8791,-0.7692
0.5124,-0.9035,-0.6769
0.5002,-0.7975,-0.6032
0.4552,-0.669,-0.589
0.4133,-0.5439,-0.5474
0.4089,-0.4799,-0.5005
0.4274,-0.3822,-0.522
0.3692,-0.2449,-0.5411
0.1591,-0.1061,-0.6295
0.1597,-0.0787,-0.3979
0.3331,-0.236,-0.631
0.0145,-0.3138,-0.9168
-0.0065,-0.2204,-0.736
0.2857,-0.3431,-0.5787
0.5388,-0.5507,-0.6906
0.5383,-0.564,-0.8269
0.4084,-0.5933,-1.0321
0.359,-0.7139,-0.9574
0.425,-0.7257,-0.9339
0.4118,-0.5033,-0.8001
0.3209,-0.3362,-0.7111
0.1528,-0.3451,-0.7551
0.0189,-0.457,-0.7058
0.1245,-0.5326,-0.694
0.4157,-0.5659,-0.7849
0.4523,-0.4819,-0.6779
0.3805,-0.2996,-0.5513
0.3453,-0.2126,-0.5924
0.4133,-0.3186,-0.8001
0.3551,-0.6206,-1.0028
0.3395,-0.6788,-0.8152
0.4362,-0.5024,-0.8113
0.3443,-0.3622,-0.8518
0.2442,-0.2991,-0.9076
0.2632,-0.3074,-0.8489
0.3678,-0.4208,-0.8328
0.4211,-0.5507,-0.8103
0.3879,-0.5942,-0.7927
0.3399,-0.5019,-0.7648
0.3565,-0.3592,-0.7482
0.3473,-0.2918,-0.738
0.3443,-0.305,-0.7893
0.3722,-0.3885,-0.7752
0.382,-0.4667,-0.8133
0.3277,-0.4222,-0.802
0.3248,-0.3279,-0.7742
0.2955,-0.281,-0.802
0.2637,-0.2913,-0.7752
0.2476,-0.3724,-0.78
0.2603,-0.4427,-0.8577
0.3478,-0.4476,-0.843
0.4196,-0.3998,-0.8788
0.3927,-0.3495,-0.8382
0.2965,-0.3719,-0.7781
0.3165,-0.4706,-0.7653
0.297,-0.5385,-0.7253
0.2682,-0.5073,-0.6892
0.2686,-0.4452,-0.7131
0.3136,-0.4203,-0.6716
0.4079,-0.4623,-0.6637
0.4543,-0.5077,-0.5939
0.423,-0.5664,-0.5924
0.4108,-0.6656,-0.6622
0.4748,-0.7237,-0.6887
0.5779,-0.6685,-0.5817
0.6824,-0.5453,-0.5782
0.6986,-0.4471,-0.5416
0.6619,-0.5121,-0.6622
0.445,-0.6206,-0.6032
0.3771,-0.6382,-0.7214
0.4069,-0.5732,-0.6368
0.4284,-0.5268,-0.5137
0.4333,-0.5439,-0.5118
0.4181,-0.6069,-0.6266
0.3365,-0.623,-0.6154
0.3639,-0.6069,-0.6305
0.3463,-0.5669,-0.4937
0.339,-0.5185,-0.5792
0.3976,-0.6206,-0.5035
0.4196,-0.7423,-0.5905
0.4054,-0.7931,-0.5699
0.4006,-0.7667,-0.5098
0.467,-0.7579,-0.5621
0.4255,-0.8029,-0.545
0.3747,-0.8327,-0.6471
0.3629,-0.8527,-0.6046
0.2725,-0.8302,-0.5015
0.2271,-0.8762,-0.3398
0.2911,-0.9255,-0.4189
0.336,-0.8747,-0.4698
0.2882,-0.8307,-0.4389
0.1909,-0.754,-0.418
0.2505,-0.7081,-0.3857
0.2158,-0.7423,-0.5298
0.2427,-0.925,-0.5352
0.1895,-0.9431,-0.4556
0.1557,-0.7838,-0.4512
0.1817,-0.6915,-0.417
0.2129,-0.7589,-0.3667
0.0869,-0.7921,-0.3999
0.1127,-0.8292,-0.609
0.1738,-0.9709,-0.4551
0.0722,-1.0247,-0.4932
0.1328,-0.9802,-0.5538
0.1763,-0.9338,-0.3745
0.0966,-0.8366,-0.352
0.121,-0.7868,-0.375
0.1547,-0.8087,-0.4321
0.1142,-0.7829,-0.4277
0.1259,-0.8385,-0.4961
0.1719,-0.907,-0.4722
0.0605,-0.839,-0.437
0.0072,-0.8141,-0.4937
0.0512,-0.8019,-0.5494
0.21,-0.8058,-0.5494
0.3219,-0.8527,-0.5817
0.3869,-0.8517,-0.503
0.3575,-0.7374,-0.4487
0.2354,-0.6328,-0.3794
0.142,-0.7301,-0.4004
0.1445,-0.9104,-0.5513
0.1538,-1.0022,-0.6539
0.1435,-0.9284,-0.5885
0.1064,-0.7789,-0.4595
0.1206,-0.7208,-0.4214
0.2217,-0.7804,-0.46
0.2838,-0.8595,-0.4839
0.2403,-0.8683,-0.4615
0.1904,-0.8498,-0.4668
0.1464,-0.7838,-0.5147
0.1748,-0.7086,-0.5948
0.2271,-0.669,-0.5646
0.2295,-0.6773,-0.4732
0.1508,-0.7647,-0.5005
0.1386,-0.8581,-0.6002
0.2315,-0.9113,-0.6486
0.295,-0.9118,-0.629
0.3199,-0.9226,-0.632
0.3018,-0.8864,-0.6461
0.2945,-0.7652,-0.5533
0.2608,-0.5835,-0.4727
0.295,-0.5019,-0.4028
0.3507,-0.5693,-0.4448
0.3752,-0.7183,-0.4805
0.3869,-0.8068,-0.5001
0.4128,-0.8253,-0.4981
0.4396,-0.8449,-0.4805
0.4211,-0.8722,-0.5435
0.4543,-0.8869,-0.6158
0.4543,-0.8419,-0.6041
0.4362,-0.7702,-0.543
0.4352,-0.7203,-0.4404
0.4216,-0.6489,-0.3896
0.3883,-0.5854,-0.4419
0.3805,-0.5903,-0.4516
0.4001,-0.6338,-0.4878
0.4235,-0.6832,-0.5093
0.403,-0.7052,-0.5352
0.4797,-0.7086,-0.5303
0.508,-0.7296,-0.5147
0.4762,-0.7413,-0.5132
0.4421,-0.7247,-0.4859
0.3942,-0.7125,-0.4556
0.3531,-0.6582,-0.4605
0.3712,-0.5385,-0.5372
0.3673,-0.4291,-0.5552
0.424,-0.4516,-0.5503
0.6395,-0.5541,-0.7111
0.6444,-0.6133,-0.6305
0.6111,-0.6255,-0.545
0.6361,-0.6959,-0.6456
0.4416,-0.67,-0.5973
0.3727,-0.5283,-0.4883
0.4084,-0.4032,-0.521
0.465,-0.3944,-0.46
0.4778,-0.4526,-0.5084
0.5383,-0.453,-0.6383
0.5754,-0.4672,-0.5685
0.5892,-0.4706,-0.6217
0.5911,-0.4848,-0.5362
0.4426,-0.4775,-0.5347
0.4802,-0.4784,-0.5225
0.5398,-0.4481,-0.4893
0.4817,-0.4286,-0.4458
0.5149,-0.3602,-0.5557
0.6155,-0.3504,-0.504
0.5887,-0.3841,-0.5352
0.531,-0.4325,-0.5636
0.4723,-0.433,-0.5513
0.531,-0.4731,-0.5944
0.5207,-0.5507,-0.5147
0.4836,-0.6523,-0.5337
0.4704,-0.6964,-0.566
0.4694,-0.6499,-0.5787
0.5041,-0.5937,-0.5113
0.4582,-0.5463,-0.5001
0.4342,-0.5185,-0.4668
0.4284,-0.54,-0.4634
0.4866,-0.583,-0.4947
0.5383,-0.606,-0.4433
0.573,-0.6602,-0.46
0.551,-0.7257,-0.4287
0.5593,-0.817,-0.5298
0.5247,-0.8283,-0.4766
0.4772,-0.7647,-0.4453
0.4968,-0.7335,-0.4409
0.4797,-0.6856,-0.4566
0.4689,-0.6934,-0.5386
0.4089,-0.7637,-0.5181
0.2926,-0.7936,-0.5822
0.2447,-0.8024,-0.5191
0.1445,-0.8087,-0.5269
0.124,-0.8688,-0.5313
0.1836,-0.9763,-0.4175
0.169,-0.9646,-0.4292
0.1978,-0.8585,-0.4487
0.23,-0.7736,-0.4302
0.2178,-0.7296,-0.4922
0.2965,-0.7481,-0.4649
0.2613,-0.8361,-0.5298
0.2217,-0.9504,-0.5748
0.2451,-1.0594,-0.483
0.3116,-1.0364,-0.4473
0.2339,-0.9011,-0.3496
0.1381,-0.8063,-0.4077
0.0389,-0.7951,-0.4668
-0.0666,-0.7799,-0.4448
-0.0729,-0.8063,-0.4204
0.0717,-0.8874,-0.4443
0.21,-0.9275,-0.4791
0.2867,-0.9245,-0.5484
0.3224,-0.8688,-0.5675
0.2682,-0.7569,-0.4756
0.1988,-0.7193,-0.4106
0.2456,-0.7657,-0.481
0.2813,-0.7716,-0.501
0.3248,-0.7804,-0.4844
0.2765,-0.7681,-0.4585
0.2495,-0.777,-0.5142
0.2647,-0.8039,-0.5709
0.1279,-0.7594,-0.4893
0.1167,-0.7843,-0.4473
0.1856,-0.8585,-0.4429
0.2774,-0.8737,-0.4394
0.2442,-0.8673,-0.4209
0.1846,-0.8698,-0.4893
0.1812,-0.8498,-0.5695
0.1973,-0.82,-0.5719
0.2388,-0.8156,-0.5377
0.2686,-0.8527,-0.5167
0.3336,-0.8996,-0.4922
0.381,-0.9382,-0.5391
0.3702,-0.9328,-0.5597
0.3732,-0.8938,-0.5323
0.4172,-0.8087,-0.5547
0.423,-0.7481,-0.5401
0.3331,-0.7227,-0.5001
0.2926,-0.7091,-0.4864
0.3923,-0.6837,-0.4859
0.4235,-0.626,-0.4839
0.38,-0.6084,-0.4443
0.3536,-0.5679,-0.4708
0.3311,-0.605,-0.4282
0.4118,-0.6651,-0.4258
0.4606,-0.7388,-0.4194
0.619,-0.7951,-0.4805
0.7494,-0.8107,-0.5508
0.7352,-0.8175,-0.5337
0.5994,-0.7956,-0.4708
0.4905,-0.7628,-0.5059
0.3131,-0.6362,-0.4581
0.2691,-0.495,-0.4316
0.3448,-0.411,-0.4502
0.3859,-0.4134,-0.3686
0.5198,-0.4911,-0.4668
0.5892,-0.5014,-0.5215
0.5926,-0.5048,-0.4771
0.5364,-0.5073,-0.5782
0.551,-0.5356,-0.5533
0.5134,-0.5273,-0.4961
0.488,-0.4877,-0.5782
0.5769,-0.4526,-0.4654
0.4856,-0.3666,-0.4649
0.4567,-0.3592,-0.4903
0.4059,-0.2698,-0.4561
0.5232,-0.2385,-0.4394
0.5183,-0.2801,-0.4321
0.5505,-0.3968,-0.4742
0.4949,-0.4604,-0.5758
0.5657,-0.5615,-0.5641
0.5437,-0.5811,-0.5655
0.5803,-0.5894,-0.5093
0.6448,-0.5679,-0.5333
0.6341,-0.5405,-0.4678
0.5696,-0.5967,-0.46
0.5764,-0.6939,-0.396
0.5515,-0.7481,-0.483
0.5383,-0.7746,-0.4399
0.4489,-0.6993,-0.3623
0.4841,-0.6392,-0.3667
0.51,-0.5693,-0.3383
0.467,-0.5136,-0.4292
0.5373,-0.5933,-0.4287
0.4885,-0.731,-0.4917
0.4831,-0.9231,-0.6271
0.3375,-1.0394,-0.4659
0.2539,-0.9969,-0.6373
0.2354,-0.8336,-0.3686
0.1924,-0.6543,-0.4639
0.2442,-0.6333,-0.3446
0.276,-0.7266,-0.3446
0.2955,-0.8493,-0.5206
0.3292,-1.011,-0.4429
0.2975,-1.0545,-0.5294
0.2872,-0.9182,-0.4649
0.2276,-0.7559,-0.3911
0.1303,-0.691,-0.4497
0.1367,-0.778,-0.4121
0.2549,-1.0149,-0.502
0.3023,-1.2177,-0.5533
0.2828,-1.2587,-0.5059
0.1856,-1.0071,-0.4346
0.1279,-0.7921,-0.4737
0.124,-0.7169,-0.3764
0.0443,-0.6499,-0.4018
0.0551,-0.7125,-0.5054
0.1826,-0.8673,-0.4502
0.2447,-0.9245,-0.352
0.2227,-0.8957,-0.3667
0.2173,-0.8136,-0.3574
0.2095,-0.7951,-0.4096
0.2598,-0.8654,-0.5215
0.336,-0.9284,-0.5518
0.3434,-0.9094,-0.5127
0.2349,-0.8366,-0.4644
0.0937,-0.7501,-0.4184
0.1362,-0.7829,-0.4537
0.2237,-0.8517,-0.5113
0.3448,-0.9084,-0.4878
0.3482,-0.9665,-0.459
0.2544,-0.9426,-0.4394
0.1328,-0.8625,-0.4331
0.0908,-0.778,-0.3979
0.1768,-0.7838,-0.4717
0.3228,-0.8913,-0.5919
0.4176,-0.9182,-0.5963
0.3683,-0.8029,-0.4864
0.2809,-0.6846,-0.4263
0.2823,-0.6421,-0.4458
0.382,-0.7008,-0.4678
0.5149,-0.8122,-0.5279
0.5173,-0.9079,-0.5059
0.4513,-0.9206,-0.4849
0.3786,-0.8087,-0.4502
0.4133,-0.6978,-0.4571
0.4797,-0.6616,-0.4566
0.6058,-0.7501,-0.5582
0.616,-0.8913,-0.4937
0.5295,-0.9314,-0.4453
0.4665,-0.8488,-0.4306
0.3825,-0.6749,-0.4306
0.3815,-0.5429,-0.396
0.3732,-0.5073,-0.415
0.3014,-0.52,-0.3984
0.3991,-0.5615,-0.3872
0.4988,-0.5414,-0.4316
0.5671,-0.4809,-0.417
0.7006,-0.5605,-0.4712
0.682,-0.6885,-0.4331
0.5486,-0.6939,-0.461
0.3942,-0.5414,-0.4043
0.4225,-0.3612,-0.3349
0.3898,-0.2722,-0.3847
0.551,-0.2981,-0.5513
0.5676,-0.3025,-0.5274
0.6199,-0.346,-0.5391
0.4445,-0.3719,-0.5616
0.5853,-0.4819,-0.5074
0.5002,-0.564,-0.5636
0.5456,-0.5287,-0.5479
0.6444,-0.4809,-0.5547
0.6878,-0.5419,-0.4981
0.6351,-0.5644,-0.4776
0.5823,-0.5209,-0.3535
0.5549,-0.4505,-0.393
0.5818,-0.4295,-0.2787
0.5144,-0.4418,-0.3828
0.5159,-0.5331,-0.3559
0.5232,-0.5419,-0.3711
0.5286,-0.5356,-0.4204
0.5955,-0.5312,-0.4888
0.6453,-0.585,-0.5108
0.6302,-0.7437,-0.4688
0.5887,-0.8772,-0.5225
0.5417,-0.9074,-0.5079
0.4689,-0.8229,-0.3735
0.4172,-0.71,-0.3877
0.3551,-0.6138,-0.289
0.3311,-0.603,-0.4957
0.4718,-0.8615,-0.4482
0.4386,-1.1044,-0.4991
0.4133,-1.1923,-0.4487
0.3175,-0.993,-0.4502
0.2989,-0.7169,-0.4981
0.2251,-0.5708,-0.4477
0.1958,-0.6343,-0.5587
0.2398,-0.9104,-0.4532
0.2061,-1.0359,-0.5719
0.2329,-1.0428,-0.4209
0.1714,-0.884,-0.4644
0.1797,-0.799,-0.3319
0.0751,-0.7975,-0.2939
0.101,-0.8493,-0.3417
0.1484,-0.8014,-0.2753
0.2031,-0.7384,-0.3808
0.3155,-0.7858,-0.4473
0.3297,-0.8634,-0.4038
0.2041,-0.8801,-0.4067
0.1508,-0.9153,-0.4815
0.2559,-1.0032,-0.5093
0.3678,-1.1132,-0.5294
0.3014,-1.0696,-0.5025
0.1953,-0.9602,-0.4756
0.102,-0.7951,-0.4864
0.0375,-0.6426,-0.4443
0.1753,-0.6998,-0.502
0.2574,-0.6978,-0.3745
0.2041,-0.6798,-0.2963
0.0756,-0.7027,-0.2953
0.1983,-0.7843,-0.3857
0.2911,-0.8903,-0.4634
0.3541,-0.9587,-0.6046
0.359,-1.0384,-0.6202
0.337,-1.0442,-0.5352
0.3556,-0.9782,-0.4624
0.4299,-0.9231,-0.4336
0.4733,-0.8551,-0.417
0.382,-0.7741,-0.3476
0.2066,-0.7008,-0.3623
0.1416,-0.671,-0.4551
0.1768,-0.6489,-0.5015
0.2549,-0.6636,-0.4571
0.3673,-0.7706,-0.525
0.5061,-0.948,-0.5333
0.6136,-1.1009,-0.5763
0.6439,-1.1205,-0.5587
0.5774,-0.9343,-0.4175
0.5017,-0.7247,-0.3891
0.4342,-0.5688,-0.4043
0.3644,-0.5268,-0.436
0.3311,-0.6006,-0.4302
0.3971,-0.6646,-0.4512
0.4103,-0.7037,-0.4253
0.4079,-0.6954,-0.4541
0.5535,-0.6827,-0.5729
0.6986,-0.6695,-0.544
0.7025,-0.6548,-0.4917
0.6468,-0.5674,-0.3002
0.5671,-0.4677,-0.5157
0.4093,-0.3768,-0.3168
0.3556,-0.2879,-0.355
0.4572,-0.2581,-0.4238
0.4787,-0.37,-0.4013
0.5618,-0.4877,-0.5636
0.619,-0.5234,-0.4492
0.5803,-0.4863,-0.5396
0.5281,-0.4139,-0.5127
0.637,-0.3308,-0.5147
0.6898,-0.3851,-0.4282
0.3927,-0.3861,-0.3251
0.3526,-0.3133,-0.3633
0.4191,-0.2067,-0.3535
0.5965,-0.284,-0.4981
0.7411,-0.4794,-0.4971
0.7142,-0.6587,-0.5303
0.7035,-0.7902,-0.5562
0.6087,-0.7291,-0.4688
0.616,-0.6514,-0.5357
0.5466,-0.5757,-0.4223
0.4812,-0.5361,-0.4389
0.553,-0.5527,-0.3178
0.5168,-0.5654,-0.3422
0.5256,-0.6152,-0.3623
0.4709,-0.6392,-0.4482
0.5193,-0.6563,-0.4571
0.5432,-0.712,-0.4394
0.5853,-0.8175,-0.5484
0.4767,-0.8732,-0.4228
0.4577,-0.8659,-0.4742
0.4474,-0.8439,-0.3847
0.4206,-0.8292,-0.4888
0.4001,-0.7916,-0.3559
0.3678,-0.7115,-0.417
0.3131,-0.7222,-0.3716
0.2652,-0.7868,-0.4693
0.3077,-0.8938,-0.4693
0.4665,-1.0608,-0.4981
0.3991,-1.1132,-0.4272
0.232,-0.993,-0.5186
0.1269,-0.9709,-0.3437
0.1597,-0.9236,-0.3867
0.2031,-0.818,-0.3373
0.2202,-0.7907,-0.3554
0.2354,-0.7956,-0.3965
0.2193,-0.7369,-0.3896
0.1836,-0.6465,-0.3564
0.101,-0.6582,-0.3623
0.1459,-0.9441,-0.5079
0.2637,-1.228,-0.5861
0.252,-1.1605,-0.4927
0.2564,-0.8918,-0.3857
0.3062,-0.7481,-0.2973
0.251,-0.6866,-0.2675
0.1547,-0.7354,-0.3843
0.2056,-0.8522,-0.5503
0.2828,-0.8678,-0.5968
0.3781,-0.8668,-0.4585
0.4084,-0.8747,-0.3056
0.2442,-0.8263,-0.3432
0.0389,-0.7975,-0.4708
0.1044,-0.8678,-0.6163
0.3014,-0.9167,-0.5758
0.4934,-0.9538,-0.4722
0.5657,-0.9812,-0.3994
0.488,-0.9465,-0.4516
0.3053,-0.8649,-0.4854
0.211,-0.7907,-0.5445
0.3424,-0.7863,-0.4781
0.3185,-0.7247,-0.3168
0.2804,-0.6484,-0.3427
0.3658,-0.6641,-0.4859
0.5417,-0.775,-0.5118
0.5725,-0.7882,-0.4341
0.4762,-0.7052,-0.3711
0.4445,-0.6719,-0.3755
0.5256,-0.7691,-0.4634
0.657,-0.9177,-0.5035
0.7186,-1.013,-0.5425
0.682,-0.9548,-0.4654
0.4435,-0.7726,-0.4028
0.3307,-0.5561,-0.393
0.3629,-0.3963,-0.3823
0.3595,-0.3485,-0.3188
0.4592,-0.4012,-0.3569
0.6209,-0.4985,-0.5739
0.6312,-0.6133,-0.4532
0.5798,-0.6695,-0.4864
0.5583,-0.6382,-0.4864
0.6033,-0.5502,-0.5626
0.6336,-0.4921,-0.4795
0.6375,-0.4286,-0.5123
0.5662,-0.4252,-0.4126
0.3482,-0.3714,-0.2948
0.2882,-0.2644,-0.3857
0.338,-0.1877,-0.2323
0.2554,-0.0651,-0.4043
0.6019,-0.0831,-0.5318
0.8642,-0.2849,-0.5396
0.9727,-0.6749,-0.5753
0.6683,-0.907,-0.5181
0.5476,-0.886,-0.4639
0.5066,-0.604,-0.4698
0.6033,-0.4281,-0.4424
0.5867,-0.3841,-0.3471
0.5364,-0.431,-0.3124
0.4562,-0.4413,-0.3945
0.4509,-0.4335,-0.3974
0.5281,-0.4858,-0.5464
0.6326,-0.5874,-0.4443
0.5764,-0.6255,-0.4238
0.5906,-0.6842,-0.3999
0.6341,-0.7697,-0.4009
0.5936,-0.8996,-0.416
0.6151,-1.0413,-0.4458
0.4973,-0.9768,-0.3349
0.467,-0.8439,-0.4248
0.4084,-0.8014,-0.3789
0.3351,-0.7819,-0.3799
0.3111,-0.7623,-0.3501
0.2652,-0.7345,-0.4219
0.2276,-0.7613,-0.418
0.2672,-0.8224,-0.4316
0.2578,-0.8102,-0.4937
0.2168,-0.778,-0.4878
0.2427,-0.927,-0.545
0.465,-1.2504,-0.5259
0.4635,-1.3076,-0.5342
0.3409,-1.0452,-0.3633
0.1303,-0.7086,-0.3437
0.0834,-0.5693,-0.3232
0.1318,-0.6372,-0.3056
0.1992,-0.7325,-0.3329
0.168,-0.7481,-0.3451
0.2197,-0.8424,-0.4136
0.3624,-0.9524,-0.4659
0.4064,-0.992,-0.4243
0.2647,-0.9553,-0.417
0.1695,-0.927,-0.5137
0.2539,-0.9597,-0.5782
0.4006,-0.9837,-0.5416
0.4054,-0.9333,-0.4927
0.3385,-0.8546,-0.4576
0.2549,-0.7359,-0.4131
0.1357,-0.6333,-0.3329
0.1729,-0.6851,-0.3467
0.2129,-0.7491,-0.3613
0.2217,-0.7359,-0.3882
0.2559,-0.7657,-0.4292
0.3512,-0.8356,-0.4922
0.4118,-0.9426,-0.5367
0.4391,-0.9832,-0.5372
0.4342,-0.9113,-0.4859
0.3536,-0.8078,-0.4258
0.3277,-0.7873,-0.4649
0.3478,-0.862,-0.5587
0.4557,-0.9182,-0.5503
0.4499,-0.8952,-0.5646
0.3835,-0.8087,-0.4864
0.3502,-0.7633,-0.4321
0.3668,-0.7432,-0.4189
0.4411,-0.7423,-0.4732
0.4709,-0.7222,-0.4664
0.4333,-0.6998,-0.4219
0.4186,-0.7017,-0.4199
0.4767,-0.732,-0.4365
0.5251,-0.7569,-0.4668
0.5691,-0.7594,-0.4429
0.5515,-0.6988,-0.4233
0.4949,-0.5967,-0.3916
0.4822,-0.5507,-0.4145
0.446,-0.5942,-0.4512
0.4225,-0.6167,-0.4839
0.4783,-0.5688,-0.5098
0.4997,-0.4252,-0.4849
0.4958,-0.347,-0.5118
0.5271,-0.3382,-0.5792
0.6155,-0.3924,-0.6799
0.6746,-0.5038,-0.5704
0.5818,-0.5356,-0.5695
0.3976,-0.4203,-0.4844
0.3688,-0.2547,-0.459
0.4733,-0.1857,-0.4751
0.6136,-0.2762,-0.4057
0.7035,-0.41,-0.3823
0.6717,-0.4516,-0.4297
0.659,-0.4266,-0.3887
0.6136,-0.4374,-0.418
0.7465,-0.516,-0.4204
0.6321,-0.4999,-0.3711
0.6043,-0.4867,-0.3999
0.5989,-0.4892,-0.374
0.5916,-0.5068,-0.4209
0.5041,-0.54,-0.373
0.5432,-0.5981,-0.417
0.4783,-0.5898,-0.3989
0.5344,-0.6304,-0.5167
0.5247,-0.6607,-0.3877
0.4049,-0.6367,-0.4991
0.4269,-0.648,-0.4732
0.4567,-0.625,-0.5352
0.5588,-0.6885,-0.6364
0.5608,-0.8424,-0.4913
0.4216,-0.9299,-0.5851
0.3976,-0.9582,-0.4917
0.3214,-0.7975,-0.4497
0.3888,-0.6739,-0.4219
0.4274,-0.6553,-0.3153
0.4103,-0.6715,-0.438
0.4176,-0.7135,-0.3818
0.3683,-0.8195,-0.4463
0.4103,-1.0057,-0.4004
0.4778,-1.141,-0.4776
0.4611,-1.0956,-0.4057
0.3058,-0.8644,-0.3535
0.1284,-0.7052,-0.3725
0.1147,-0.732,-0.4458
0.316,-0.8869,-0.4512
0.3815,-0.903,-0.4624
0.3771,-0.8918,-0.4311
0.2373,-0.8278,-0.3535
0.1586,-0.7467,-0.4194
0.1758,-0.7486,-0.4165
0.2031,-0.8048,-0.4223
0.2188,-0.945,-0.4683
0.2149,-1.0252,-0.4839
0.1992,-0.9905,-0.4443
0.2007,-0.9343,-0.4101
0.1782,-0.8649,-0.3882
0.187,-0.8561,-0.3677
0.1416,-0.8229,-0.3075
0.0581,-0.7613,-0.3456
0.1675,-0.8732,-0.4693
0.2144,-0.8864,-0.482
0.187,-0.8644,-0.4394
0.1865,-0.8791,-0.375
0.1738,-0.8517,-0.3935
0.2412,-0.9245,-0.5059
0.3365,-0.9113,-0.5523
0.2677,-0.7824,-0.4791
0.1812,-0.7814,-0.4854
0.2183,-0.8336,-0.4516
0.2945,-0.8605,-0.4101
0.3835,-0.9162,-0.4375
0.464,-1.0076,-0.5059
0.4269,-1.0262,-0.4688
0.3189,-0.9866,-0.4336
0.2632,-0.9299,-0.4009
0.2583,-0.8777,-0.4204
0.2877,-0.818,-0.5088
0.2481,-0.7515,-0.5118
0.2373,-0.7095,-0.4795
0.2823,-0.6724,-0.3613
0.3898,-0.6822,-0.3383
0.5129,-0.71,-0.4576
0.5212,-0.7266,-0.4438
0.5046,-0.7462,-0.4825
0.4866,-0.8405,-0.4668
0.5134,-0.9358,-0.4537
0.6102,-1.0076,-0.5372
0.6043,-0.9402,-0.5655
0.5359,-0.7711,-0.5294
0.4738,-0.6084,-0.4209
0.3771,-0.477,-0.3974
0.3365,-0.4017,-0.4561
0.4216,-0.3895,-0.4771
0.4611,-0.4354,-0.3813
0.465,-0.4775,-0.4253
0.55,-0.5229,-0.4712
0.5535,-0.5493,-0.4708
0.637,-0.5762,-0.48
0.7601,-0.6318,-0.4585
0.7543,-0.5713,-0.4678
0.5505,-0.4427,-0.4673
0.4518,-0.3221,-0.4443
0.5354,-0.3006,-0.4922
0.4333,-0.3108,-0.4272
0.6043,-0.3768,-0.4976
0.6273,-0.4511,-0.524
0.5476,-0.4926,-0.5953
0.4914,-0.5063,-0.5988
0.5916,-0.5497,-0.5528
0.6507,-0.5869,-0.4781
0.5897,-0.5239,-0.4888
0.5466,-0.5112,-0.1986
0.4133,-0.4804,-0.3608
0.4714,-0.4344,-0.2685
0.4748,-0.3485,-0.3222
0.4416,-0.2976,-0.4004
0.5037,-0.389,-0.4766
0.7816,-0.6519,-0.5861
0.7406,-0.8102,-0.7399
0.8276,-0.9587,-0.675
0.5774,-0.9201,-0.5963
0.3991,-0.8019,-0.5641
0.3864,-0.7042,-0.3657
0.336,-0.5684,-0.2641
0.5378,-0.6284,-0.2724
0.5691,-0.752,-0.3134
0.4733,-0.7985,-0.4248
0.4455,-0.7833,-0.3847
0.3224,-0.7032,-0.4223
0.2921,-0.6905,-0.4145
0.3228,-0.776,-0.4615
0.4045,-0.9294,-0.4737
0.4386,-1.0907,-0.5484
0.4885,-1.1498,-0.5636
0.3644,-1.0042,-0.4649
0.2422,-0.7765,-0.4786
0.229,-0.6455,-0.3623
0.2471,-0.6621,-0.4106
0.3556,-0.775,-0.2997
0.4504,-0.9358,-0.3745
0.3879,-1.1561,-0.3197
0.1289,-1.0848,-0.4389
0.0453,-0.9314,-0.4214
-0.0201,-0.7902,-0.3916
0.1572,-0.883,-0.4644
0.3747,-1.1185,-0.2279
0.2852,-1.0926,-0.2768
0.2344,-1.0594,-0.2919
0.0839,-0.9925,-0.5206
-0.0607,-0.9211,-0.6476
-0.0646,-0.8693,-0.4219
-0.0485,-0.8371,-0.3241
-0.047,-0.8493,-0.4013
0.0566,-0.8947,-0.4683
0.2261,-0.9656,-0.2161
0.3189,-0.9881,-0.2064
0.2574,-0.9626,-0.2249
0.0893,-0.9109,-0.3867
0.1865,-0.8742,-0.5729
0.3189,-0.8678,-0.3315
0.2495,-0.8253,-0.3803
0.1347,-0.8185,-0.483
0.2017,-0.8273,-0.5235
0.3429,-0.8224,-0.4487
0.5076,-0.8727,-0.4693
0.532,-0.9886,-0.4659
0.4259,-1.0477,-0.4243
0.2721,-0.9773,-0.4556
0.1035,-0.8327,-0.3823
0.1049,-0.7892,-0.3422
0.2339,-0.885,-0.3462
0.4176,-1.0096,-0.3994
0.4919,-1.0545,-0.4507
0.3648,-0.9886,-0.4756
0.4211,-0.8781,-0.4766
0.4968,-0.7672,-0.4214
0.49,-0.7154,-0.4331
0.4767,-0.7017,-0.3974
0.4694,-0.7135,-0.3833
0.4797,-0.7452,-0.5157
0.4103,-0.7227,-0.4678
0.4035,-0.7413,-0.354
0.512,-0.7926,-0.3496
0.5848,-0.8043,-0.3383
0.6702,-0.69,-0.3407
0.6497,-0.5229,-0.2816
0.6546,-0.4667,-0.3799
0.5339,-0.5014,-0.4771
0.4064,-0.5493,-0.3681
0.4089,-0.5444,-0.4576
0.5139,-0.5234,-0.5313
0.6614,-0.5889,-0.6036
0.68,-0.6294,-0.5518
0.6595,-0.6235,-0.525
0.6282,-0.5258,-0.4566
0.5295,-0.4032,-0.3442
0.3791,-0.1975,-0.3813
0.5784,-0.1906,-0.4443
0.5574,-0.3001,-0.4009
0.6317,-0.4276,-0.5103
0.5422,-0.519,-0.395
0.6561,-0.4378,-0.5455
0.6253,-0.4007,-0.4282
0.6385,-0.4422,-0.4253
0.4846,-0.4017,-0.4747
0.6292,-0.4139,-0.3285
0.6522,-0.37,-0.3652
0.6463,-0.3445,-0.4287
0.7313,-0.4037,-0.4571
0.6424,-0.4252,-0.4585
0.6087,-0.4819,-0.5035
0.6102,-0.5874,-0.5372
0.5833,-0.7071,-0.5323
0.595,-0.7423,-0.4849
0.572,-0.6563,-0.5088
0.5354,-0.5556,-0.4302
0.4939,-0.5346,-0.4277
0.4997,-0.5835,-0.4165
0.5481,-0.6172,-0.3672
0.5843,-0.6172,-0.4145
0.6849,-0.6651,-0.4854
0.6654,-0.7169,-0.4844
0.572,-0.7691,-0.4786
0.5046,-0.7902,-0.4341
0.5056,-0.7785,-0.4429
0.4885,-0.8156,-0.4443
0.4885,-0.8864,-0.4199
0.4108,-0.8678,-0.3989
0.3141,-0.7613,-0.3769
0.3277,-0.6802,-0.3232
0.3243,-0.67,-0.3755
0.4323,-0.7951,-0.4898
0.4817,-0.9573,-0.4253
0.4377,-0.9954,-0.5587
0.384,-0.9753,-0.3882
0.2154,-0.8712,-0.4316
0.1968,-0.8752,-0.3965
0.2237,-1.0003,-0.4238
0.2686,-1.1254,-0.5254
0.2608,-1.1024,-0.46
0.1484,-0.8659,-0.418
0.0815,-0.6651,-0.4038
0.0961,-0.6397,-0.4502
0.187,-0.755,-0.3427
0.2896,-0.8864,-0.3456
0.3492,-0.9993,-0.4742
0.357,-1.0608,-0.4732
0.2105,-0.9519,-0.267
0.0917,-0.7985,-0.4419
0.2515,-0.9436,-0.3725
0.3116,-0.9421,-0.329
0.1469,-0.7647,-0.4082
0.0199,-0.7296,-0.3852
0.0976,-0.8068,-0.4424
0.25,-0.9421,-0.5582
0.3888,-1.0394,-0.5533
0.339,-0.9314,-0.4199
0.0253,-0.7736,-0.2406
-0.1335,-0.6616,-0.4678
0.1758,-0.7008,-0.4747
0.3121,-0.8786,-0.3701
0.2652,-0.9807,-0.2431
0.2843,-1.0223,-0.2953
0.2574,-0.9895,-0.4532
0.3604,-0.9426,-0.5015
0.3292,-0.9211,-0.3994
0.2765,-0.8483,-0.4443
0.3258,-0.7731,-0.3916
0.3092,-0.7882,-0.3779
0.1616,-0.8043,-0.3202
0.104,-0.8361,-0.3764
0.2066,-0.8546,-0.3305
0.358,-0.7657,-0.2787
0.3561,-0.6563,-0.3417
0.1132,-0.7208,-0.289
-0.0201,-0.8058,-0.2563
0.0805,-0.8777,-0.2391
0.2422,-0.7848,-0.2587
0.3067,-0.6367,-0.2504
0.0595,-0.6567,-0.2831
0.0664,-0.9353,-0.3857
0.2437,-1.1136,-0.3402
0.5051,-0.9309,-0.2592
0.4098,-0.7408,-0.3061
0.1557,-0.8239,-0.2592
0.1401,-0.9553,-0.3574
0.2745,-0.859,-0.4522
0.4856,-0.859,-0.2968
0.5032,-0.9113,-0.2846
0.3268,-0.7799,-0.3906
0.2598,-0.711,-0.3574
0.2197,-0.9011,-0.268
0.0336,-0.9685,-0.4282
0.0859,-0.991,-0.3266
0.2931,-0.9514,-0.3202
0.5037,-1.1444,-0.3109
0.3043,-1.1854,-0.1785
-0.0001,-0.9123,-0.2108
0.0331,-0.8845,-0.1751
0.0742,-0.9265,-0.1262
0.1636,-0.7741,-0.1361
0.3385,-0.6724,-0.2147
0.2935,-0.5996,-0.1981
0.0424,-0.6607,-0.1087
0.0052,-0.9524,-0.1629
0.1201,-1.0452,-0.1649
-0.0187,-0.4975,-0.1126
0.2022,-1.0076,-0.2572
0.2725,-1.4004,-0.1492
0.3155,-1.4029,-0.1844
0.3561,-1.0447,-0.1649
0.3018,-1.0027,-0.1649
0.079,-0.9367,-0.1189
0.0566,-0.6499,-0.2098
0.3727,-0.8292,-0.3393
0.4216,-0.9876,-0.3178
0.3697,-1.053,-0.266
0.2818,-0.8542,-0.2514
0.209,-0.799,-0.1458
0.3473,-1.0604,-0.1199
0.145,-0.7012,-0.0632
-0.0026,-0.7188,0.0076
0.2486,-1.1943,-0.0974
0.5593,-1.2416,-0.1888
0.6077,-1.1039,-0.2465
0.4162,-1.1024,-0.2875
0.3487,-0.9861,-0.203
0.3033,-0.9196,-0.0442
0.3438,-0.9978,-0.1834
0.3673,-1.0359,-0.1654
0.3531,-1.0364,-0.0779
0.2857,-1.0315,-0.1356
0.1254,-0.9778,-0.2225
0.1079,-1.0076,0.0345
0.5037,-1.0159,-0.1995
0.5858,-1.0506,-0.1644
0.639,-0.9333,-0.0764
0.6707,-0.883,-0.1683
0.6287,-1.0956,0.0961
0.4929,-0.9983,0.0135
0.2578,-1.1849,0.6858
0.4299,-0.8972,-0.7067
0.3189,-0.9778,0.1464
0.3038,-0.9626,0.2802
0.6688,-1.0599,0.1904
0.682,-1.2656,0.2426
0.8471,-1.1943,0.229
0.8696,-0.8712,0.6936
0.7811,-0.7858,0.9936
0.6952,-0.7432,1.0234
0.6693,-0.7672,0.7791
0.6146,-0.6783,0.699
0.5163,-0.5937,0.7913
0.3512,-0.564,0.8143
0.1817,-0.5747,0.8016
0.0883,-0.5845,0.8055
0.0526,-0.5385,0.7503
0.0267,-0.4159,0.7225
0.0179,-0.369,0.7557
0.0306,-0.3426,0.7469
0.0023,-0.2312,0.7107
-0.0778,-0.1877,0.7659
-0.1042,-0.1662,0.8749
-0.0289,-0.1085,0.891
0.0849,-0.0841,0.765
0.0966,0.0029,0.7425
0.1,0.0556,0.6536
0.0649,0.0977,0.7156
0.1186,0.1333,0.7141
0.1944,0.2257,0.613
0.2036,0.2359,0.5798
0.1914,0.1895,0.6252
0.1948,0.126,0.6834
0.1372,0.2164,0.6917
0.0991,0.2857,0.7048
0.0443,0.3625,0.7791
0.1235,0.2364,0.8217
0.1929,0.2354,0.8861
0.1459,0.2486,1.1368
0.0571,0.3649,1.233
0.1381,0.2857,1.1691
0.2608,0.2193,1.0772
0.1826,0.2701,1.1451
0.0634,0.3,1.2286
0.015,0.2901,1.1647
0.015,0.2725,1.0601
0.0355,0.253,0.9814
-0.0348,0.3014,1.0151
-0.0642,0.3039,0.9721
-0.047,0.3102,0.913
-0.026,0.2638,0.9277
-0.0739,0.2447,0.9922
-0.1057,0.2418,1.0068
-0.0598,0.191,0.9599
-0.006,0.1738,0.9306
0.0052,0.1568,0.9922
-0.0275,0.1841,1.0508
-0.0852,0.2452,1.0694
-0.1062,0.2638,1.0083
-0.0519,0.2183,0.9184
-0.0363,0.2437,0.9394
-0.0167,0.231,1.0054
-0.0089,0.2183,1.0307
-0.0485,0.2306,1.0684
-0.045,0.1548,1.0962
-0.0333,0.1358,1.1348
0.017,0.1025,1.1143
0.037,0.079,1.0997
-0.0328,0.1494,1.1403
-0.0588,0.1587,1.1045
-0.0514,0.1949,0.9741
-0.0353,0.2188,0.9198
-0.046,0.2164,0.9404
-0.0612,0.2081,0.9463
-0.0441,0.2008,0.9003
-0.0045,0.1695,0.8529
0.0267,0.1905,0.9242
0.061,0.166,1.0538
0.0766,0.1631,1.1338
0.0874,0.1641,1.0557
0.0888,0.1641,0.9717
-0.0006,0.1841,1.0151
-0.0153,0.1886,1.0312
0.0438,0.1729,0.9941
0.0942,0.1802,0.9731
0.0761,0.1577,1.0029
0.014,0.1299,0.9629
-0.0099,0.0855,0.891
-0.0939,0.0957,0.8578
-0.1467,0.04,0.8788
-0.1648,0.0107,0.8705
-0.1418,-0.0455,0.8915
-0.1164,-0.0768,0.9399
-0.0827,-0.1124,0.9394
-0.046,-0.0553,0.9355
0.0101,-0.0206,0.9594
0.0849,-0.0128,0.9032
0.0859,-0.0392,0.8358
1.7437,0.2335,2.351
0.5579,-0.2326,1.428
-0.07,-0.2942,1.0601
0.0546,0.0048,0.9066
0.0121,0.1748,1.0738
0.1861,-0.0617,0.98
0.3043,-0.0485,0.7752
0.3453,-0.004,0.8798
0.1323,0.0356,1.0806
-0.0172,0.1177,1.0684
0.0698,0.2017,0.9887
0.23,0.0869,0.8827
0.0937,0.1275,0.9907
-0.0153,0.3039,0.9956
-0.0632,0.3283,0.9169
-0.0895,0.3429,0.9385
-0.1926,0.4294,1.0249
-0.5005,0.5106,1.3034
-0.1218,0.4592,0.8993
-0.0314,0.3361,0.8856
0.0664,0.3254,0.9057
0.0219,0.2877,0.9648
-0.1364,0.275,1.126
-0.0812,0.3234,1.0469
-0.0314,0.2735,1.0102
-0.0226,0.2511,0.9975
-0.0035,0.213,1.0411
-0.0065,0.1905,1.0494
-0.0534,0.2291,0.9878
-0.1115,0.3,0.9316
-0.0974,0.2833,0.9277
-0.0969,0.2594,0.9946
-0.0793,0.2418,1.0039
-0.0563,0.232,1.0205
-0.0494,0.1993,1.1172
-0.0852,0.3488,0.3203
-0.3353,0.2545,1.0083
-0.1267,0.2174,1.2468
-0.0886,0.2349,1.1725
-0.0353,0.3044,1.0464
